{
    "vertex": [
        -1.000000, 0.000000, -1.000000,
        1.000000, 0.000000, -1.000000,
        -1.000000, -0.000000, 1.000000,
        1.000000, -0.000000, 1.000000
    ],

    "color": [255, 0, 0, 0, 255, 0, 0, 0, 255, 255, 255, 0],

    "face": [
        2, 1, 3, 2, 1, 3,
        2, 1, 4, 4, 3, 2
    ]
}