{
    "vertex": [
        -1.000000, 0.000000, -1.000000,
        1.000000, 0.000000, -1.000000,
        -1.000000, -0.000000, 1.000000,
        1.000000, -0.000000, 1.000000
    ],

    "uv": [
        1.000000, 0.000000,
        0.000000, 1.000000,
        0.000000, 0.000000,
        1.000000, 1.000000
    ],

    "normal": [
        0.0000, -1.0000, -0.0000
    ],

    "face": [
        2, 1, 1, 3, 2, 1, 1, 3, 1,
        2, 1, 1, 4, 4, 1, 3, 2, 1
    ]
}